{"Legendary Chestplate":0,"Cold Hunter M249":0,"Skullkiller AR":0,"Smouldering Sleeping Bag":0,"Abyss Chestplate":0,"Redemption MP5":0,"Constellations Small Box":0,"Neon Vibes Garage Door":0,"Wooden Door from Hell":0,"Bombing Armored Door":0,"Cyber Code Thompson":0,"JPEG Chestplate":0,"JPEG Facemask":0,"Fireflies Furnace":0,"Infernal door":0,"Anime AR":0,"Pirate Roadsign Gloves":0,"Dracula Mask":0,"Legacy Kevlar Vest":0,"Legacy Kevlar Facemask":0,"Pug Rock":0,"Blocky Rig Garage Door":0,"Kiltnana":0,"Helmetnana":0,"Rainbow Pony Satchel":0,"Frog Box":0,"Hazzy Sheet Metal Door":0,"Pug Furnace":0,"Spiked Metal Kilt":3.73,"Cutesy LR300":0.94,"Doodle LR":1.01,"Snow Camo Pants":0.19,"Black Hoodie":0.44,"Weapon Barrel":13.53,"High Quality Bag":11.57,"Red Tshirt":0.1,"Portrait Picture Frame":0.28,"Large Banner Hanging":0.28,"One Sided Town Sign Post":0.28,"Blue Bandana":0.11,"Desert Camo Bandana":0.11,"Forest Camo Balaclava":0.12,"Blue Track Pants":0.97,"Facepunch TShirt":0.15,"Urban Camo":0.19,"Forest Camo Bandana":0.13,"Wood":0.3,"Two Sided Ornate Hanging Sign":0.28,"Red Jacket":0.1,"Boxer's Bandages":2.78,"Tundra Bolt Rifle":4.3,"Multicam Jacket":0.12,"First Aid Green":0.3,"Blue Beenie Hat":0.1,"Black Boots":0.96,"Metal":0.92,"High Voltage":18.36,"Large Stone Box":4.99,"Little Friend":14.79,"Target Practice T-Shirt":0.25,"Punk Rock Pants":5.71,"Smile T-Shirt":2.44,"Nightmare Sweater":1.02,"Varsity Jacket":2.13,"Bloody Hoodie":0.8,"Farmer Hat":13.87,"Scavenged Sneaker Boots":1.34,"Hunting Jacket":0.1,"Landscape Picture Frame":0.28,"Snowcamo Jacket":0.9,"Grey Longsleeve T-Shirt":0.1,"Death Facemask":13.51,"Plate Carrier - Black":107.31,"Low Quality Bag":1.62,"Gun Box":0.32,"Ammo Wooden Box":0.3,"Ice Tooth":6.88,"On Target":1.19,"Unknown Territory Hoodie":7.39,"Flak Vest - Green":12.99,"XXL Picture Frame":0.28,"Golden Leaf SAP":13.2,"British Sign Vest":1.33,"Radioactive Armored Door":2.78,"BCHILLZ! Hoodie":0.81,"Black Beenie Hat":0.1,"Forest Camo Pants":0.1,"Tall Picture Frame":0.28,"Black Tshirt":0.61,"Tactical Boots":9.88,"Human Sacrifice Mask":3.08,"Workbench SAR":2.84,"Single Sign Post":0.28,"Large Banner on pole":0.28,"Jack O Lantern Angry":3.45,"Cloth":0.11,"Green Cap":0.1,"Forest Camo Tshirt":1.28,"Blue Jeans":0.1,"Green Jacket":0.1,"Urban Camo Jacket":1.05,"Two Sided Town Sign Post":0.28,"Two Sided Hanging Sign":0.28,"Wood Camo Sleeping Bag":3.55,"Red Shine Pistol":1.76,"Tiger Crown Sleeping Bag":1.49,"Tehno Pistol":2.19,"Ripe Watermelon":4.94,"Veteran Hatchet":1.2,"Led Light Target":2.14,"Army Bolt Rifle":17.03,"Yellow Longsleeve T-Shirt":0.1,"Blue Jacket":0.1,"Desert Jacket":0.1,"Black Longsleeve T-Shirt":2.89,"Green Beenie Hat":0.1,"Urban Camo Pants":0.1,"Red Cap":0.1,"Tan Boots":0.1,"XL Picture Frame":0.28,"Red Beenie Hat":0.1,"Blue Tshirt":0.1,"Blue Hoodie":0.1,"Orange Longsleeve T-Shirt":0.1,"Blue Cap":0.1,"Military Camo AK47":2.59,"Safety Crew":0.89,"Cuda87 Hoodie":0.54,"Skeleton Hoodie":22.73,"Chieftain Pump Shotgun":1.18,"Provocateur Jacket":2.08,"Green Bandana":0.12,"Skull Bandana":6.52,"Snow Camo Bandana":0.13,"Rescue Cap":0.14,"Missing Textures TShirt":1.64,"Aztec Long T-Shirt":4.57,"Punk Boots":1.44,"Black Alligator":2.82,"Hazardous Grater Chest Plate":1.2,"Stainless Facemask":62.46,"Golden Axe":1.86,"Doomsday Door":0.83,"Toymaker Poncho":10,"Army SAR":5.05,"BoltFace Metal Facemask":1.85,"Ser Winter TShirt":0.24,"Tempered AK47":20.53,"Argyle Scavenger":0.43,"Double Sign Post":0.28,"Valentine Balaclava":5.5,"Recycled Tarp Pants":2.24,"Addicted Guitarist":7.99,"Christmas Holiday Bag":3.09,"No Escape":1.85,"Firefighter Hatchet":3.19,"Battle-Scarred AKS47":9.9,"First Aid Box":13.92,"Industrial Protection Mask":4.53,"Gold Rock":42.08,"Duelist Gloves":2.42,"The Peace Pipe":1.01,"Black":0.11,"Woodland":0.1,"Spiked Metal Vest":1.06,"Salt Shaker SAP":2.16,"Machina Mask":1.9,"Shard of True Ice":43.97,"Danger Fork":11.53,"Chopshop Kilt":2.28,"Medic Helmet":0.76,"Desert Camo Balaclava":0.1,"Grey Cap":0.1,"Black Bandana":0.13,"Santa's Little Helper":6.56,"Reaper Note Pistol":2.09,"Skin Balaclava":0.7,"Green Hoodie":0.1,"Army Boots":2.09,"Christmas Storage":6.26,"Aston Christmas":2.95,"Nightmare Balaclava":2.15,"Red Check Balaclava":0.5,"Rorschach Skull":0.8,"Blue Plaid Sleeping Bag":6.63,"Wooden Bucket":1.27,"Sacrificial Mask":16.82,"Glowing Skull":118,"Dreamcatcher":1.13,"Rhinocrunch Hoodie":1.36,"Pirate Vest & Shirt":1.28,"Christmas Bag":5.72,"Bloody Boots":1.08,"Checkered Bandana":0.66,"Forest Camo Cap":7.42,"Red Skull Bandana":9.31,"Ghost Bolt Rifle":2.62,"Murderer T-Shirt":3.68,"Green Checkered Shirt":4.63,"Road Barrier":4.97,"Hacker Valley Veteran":2.14,"Wizard Bandana":9.03,"Shadowfrax TShirt":0.99,"Sign Painter":1.99,"Christmas Jumper":3.29,"D.O.A Trunk":1.92,"Voodoo Grenade":5.69,"Ranger's Vest":1.59,"Military Camo Roadsign Kilt":27,"Smilin' Jack":2.12,"Paint Rush SAP":5.71,"Rusty Coffee Can Helmet":1.22,"Train Conductor Miner's Hat":28.25,"Tempered Mp5":376.05,"Russia Tshirt":2.86,"Old Heavy Wooden Door":1.47,"Grandmother's Gift Barricade":55.73,"Racing Stripes Chest Plate":0.93,"Friendly Cap":4.88,"Creepy Jack":42.55,"Big Grin":705.89,"German Tshirt":5.67,"Firestarter Custom SMG":4.43,"Red Lumberjack":5.73,"Aztek Night Hunter":16.45,"Rock Star Boots":3.26,"Horror Bag":600.53,"Official Vertiigo Hoodie":1.4,"Santa Balaclava":33.64,"Hazard Move Boots":10.81,"Door to Heaven":16.68,"Forest Camo Chest Plate":31.54,"Explosives Box":12.49,"Ammo Box":6.82,"Survival Shirt":6.3,"Christmas Elf":17.46,"Chopshop Body Armor":1.09,"Meteorite":3.36,"Red Survival Sleeping Bag":2.5,"Army Acoustic Guitar":7.71,"Green Lumberjack":4.52,"Metal Barrel Chest Plate":3.73,"Cutoff Shorts":15.04,"The Blue Death":3.34,"Elite Mp5":6.19,"Tempered Mask":215,"Knitted Balaclava":3.62,"Scorched Hammer":15.22,"One Percenter Chaps":5.05,"Digital Camo MP5":36.66,"Burlap Ninja Slippers":34.38,"Caution Tape Top":15.99,"Chainmail":5.04,"Military Camo MP5":77.67,"Steppe Camo Pants":2.07,"The Swampmaster":1.09,"Christmas Holiday LWB":5.75,"Laboratory Armored Door":6.68,"Irish Kilt":23.41,"Vikings Tomahawk":1.05,"Sergeant Shirt":11.07,"SandPrince":12,"Demonic Deer Skull":10.35,"Frostbite":100.5,"Murica Balaclava":0.71,"Rustpunk Rifle":2.55,"Engraved Crossbow":4.08,"Winter Deers":3.46,"Old Prisoner Pants":1.15,"Machina Plate":0.92,"Baseball Tshirt":1.21,"Hot-tempered Revolver":14.94,"60's Army Jacket":16.07,"Vyshyvanka Shirt":3.89,"HazardCross":2.32,"Christmas Tree Door":22.4,"Motorcycle Gloves":2.42,"Inferno Hazard Salvaged Icepick":7.54,"Metal Shutter Door":0.94,"Halloween Bat":70.13,"Camo Shorts":13.77,"Skull Hazard":1.01,"tRUSTy Friend":2.8,"Frankensteins Sweater":1.76,"Urban Afterburn Pump Shotgun":5.92,"Anarchy SMG":2.62,"Army Facemask":8.35,"Polymer SAP":23.34,"Outback revolver":4.19,"Blue Tarp Skirt":10.44,"Crimson King":1.01,"Military Armored Door":2.76,"Combat Boots":5.75,"Polymer BAR":10.69,"Lavapick":13,"Tank Crew Hoodie":1.4,"Military Crate":1.88,"Chest Resistance":2.49,"Wasteland Hunter":3.8,"Lizard Skull":2.99,"Mask of Sacrifice":1.32,"Burglar Mask":10.21,"Leopard Top":12,"No War Guitar":14.95,"Telogreika Jacket":8.29,"Fire jacket":467.48,"Press Vest":38,"Outlaw Revolver":7.63,"Components Storage":3.45,"Nightmare":2.58,"Military Satchel Charge":2.94,"Camo Netting":49.44,"Military Barricade":4.39,"Prison Door":1.56,"Heat Double Shotgun":16.62,"Toupee":8.74,"Apocalypse Helmet":1.28,"Porthole Door":4.6,"Crossbone Crew":2.07,"Banana Eoka":91.92,"Rescue Pick Axe":1.42,"Flintlock":5.54,"Box O Love":2.12,"The Billy Baroo":6.17,"Agony Yellow":2.3,"Nitro-Maniac DBS":5.12,"Alien Red":150.11,"Frozen Turkey":32.91,"Runic Ice Pick":11.55,"Off The Grid":7.45,"Panda Rug":41.88,"Urban Vending Machine":14.8,"Carbon Facemask":7.92,"Frostbitten Revolver":10,"Poseidon Semi Auto Pistol":6.1,"Western Waterpipe Shotgun":4.47,"Bandito SAR":1.17,"Hot Potato":7.54,"Aircraft Parts Fridge":4.4,"Brass Vending Machine":7.55,"Danger Chair":3.55,"Soviet Carpet":41,"Tarnished Sun Pick Axe":1,"Hazard Semi Auto Rifle":4.22,"Army Armored Gloves":5.69,"Army Sign Vest":2.82,"Army Sign Kilt":5.55,"Army Locker":8.42,"Volcanic Stone Hatchet":4.46,"Chrome Crossbow":6.87,"Ruthless Riot Helmet":6.34,"Recyclables Box":7.83,"Tailor`s Carpet":29.14,"Urban Fridge":8.76,"Hot Topic":1.87,"Wakizashi":22.02,"Weapons Box":4.13,"Uprising Stone Pickaxe":1.49,"Born To Loot":7.41,"Ol' Greasy":1.57,"Welding Helmet":1.47,"Biohazard Fridge":5.99,"Rusty Bucket Helmet":3.27,"Close Enough":2.94,"Biker Goth Helmet":7.15,"Base Invaders":5.4,"Claw AK47":1.5,"Bandito SMG":1.8,"PVC Hat":33.04,"Army Armored Boots":4.43,"Tank MP5":8.36,"Outlaw Headwrap":5.38,"Nerd Glasses":10.97,"Rox Black Vending Machine":25.3,"Army Metal Door":1.3,"Defender":2.73,"Graffiti Bucket Helmet":1.19,"Fresh Brain":14.95,"Grid Locker":2.14,"Antique Dining Chair":6.85,"Muertos Locker":10.25,"Aircraft Parts RL":2.06,"Doomwing Crossbow":1.43,"The Plague Doctor":18.71,"First Aid Large Box":2.7,"Royal Wooden Box":1.26,"Great War Service Rifle":2,"Junker's Vest":0.93,"Sublime SAR":1.3,"Celtic Hide Shirt":8.74,"Armored Boots":4.5,"Urban Armored Door":2.85,"Urban Large Wood Storage":1.37,"Desert Conqueror Pants":3.17,"Desert Conqueror Hoodie":3.57,"Permanent Detention":3.58,"Chrome SAP":7.14,"Dark Flames":0.98,"Gold Digger":1.52,"Aircraft Parts AK47":1.16,"Tank Crossbow":3.85,"Military Pick Axe":1.35,"Eightball":11.02,"Bruiser Gloves":2.67,"Medieval Small Wooden Box":2.01,"Hardline Helmet":9.67,"Autumn Hunter's Shirt":5.2,"Toothy Hat":4.06,"Jawbreaker":1.57,"Chieftain Stone Hatchet":2.19,"Distillery":6.6,"Hunter SMG":2.3,"Army Miner Hat":39.64,"Super Happy Bucket":2.1,"Spitfire MP5":11.01,"Leather Strapped Hoodie":2.61,"Looter's Mask":5,"School Bus Door":9.6,"Seed Box":5.95,"Cabin Chest":1.04,"Looter's Chain and Plate":5.5,"Ancient Artifact Hatchet":2.37,"Warboy Helmet":2.17,"Fire Walk SAP":3.68,"Army Armored Facemask":2.94,"Salvaged Plating Armor":2.59,"Retro Car Parts AK47":2,"Juggernaut Mask":3.79,"Brotherhood Headwrap":5,"Looter's SAP":1.49,"Deadly Rose BAR":2.56,"Hailstorm SMG":2.87,"Aircraft Parts SAP":1.8,"Caravanner Boots":3.38,"Army Armored Hoodie":3.82,"Broken Ankles Cast":4.86,"Ambulance Door":1.65,"Army Armored Pants":5.61,"Caravanner Gloves":3,"Rubber Hazard Mat":29.18,"Long Hauler's Trunk":1.1,"Hot Topic Waterpipe Shotgun":2.65,"Executioner Latex":5.75,"Glory AK47":240.51,"Ancient Artifact Pick Axe":1.15,"Mosaic Mask":0.94,"Food Box Large":4.55,"Green Armored Container Door":11.75,"BadaBoom Satchel Charge":2.45,"Lonewolf AK47 - Blue":1.44,"Caravanner Bedroll":2.18,"Digger Helmet":5.44,"Red Chopper":3.14,"Bandito Revolver":4.31,"Dark Arts Icepick":14.15,"Paititi Bone Knife":6.49,"Top Cap":1.35,"Parquet Table":9.69,"Army Armored Helmet":7.29,"Scrapyard Curse":1.19,"Urban Camo MP5":4.79,"Fireman's Jacket":7.45,"Soul Reaper Stone Hatchet":1.66,"Patriot Revolver":5.24,"To Hell And Back":1.3,"Looter's Hoodie":1.07,"Ancient Artifact Crossbow":1.49,"Fire Truck Door":0.81,"Regulator's Hoodie":1.7,"Rabble Rouser AK47":1.56,"Locomotive Door":1.21,"Flesh Facemask":1.75,"Doombringer AK47":1.37,"Polymer Pump Shotgun":39.86,"Nomad MP5":6.62,"Laboratory Door":0.98,"Explorer Boots":5,"Iron Jaws Hatchet":0.98,"Green Riveted Bucket Helmet":3.7,"Military Vehicle Door":1.98,"Engineer's Chest Plate":0.76,"Forgotten Warfare SAR":1.7,"Medical Riot Helmet":7.02,"Nordic Beast Vest":1.12,"Armored Vault Door":8.33,"Sunrise Metal Facemask":1.47,"Sunrise Hatchet":1.2,"Army Black Boots":13.26,"Surge Rocket Launcher":2.33,"Nordic Beast Kilt":4.37,"Sunrise Helmet":0.91,"Cartagena AK47":1.72,"Leather Boonie Hat":10.36,"Red Leather Day":0.98,"Yellow Racer Pants":0.89,"Engineer SMG":2.15,"Studded Bone Knife":6.53,"Blast Shield Helmet":4.25,"Truck Door":1.14,"Epidemic AK47":1.4,"Small Medical Box":9.16,"Mossy Fossil":1.76,"Wasteland Legionnaire":1.26,"Padded Armor Trunk":1.36,"Junkyard Samurai Vest":1.11,"Retro Car Parts Chestplate":2.85,"Roadsign Door":1.03,"Junkyard Samurai Pants":4.05,"Yellow Police Jacket":9.5,"Nordic Beast Helmet":2.76,"Frost Wolf":1.57,"Nordic Beast Hoodie":3.26,"Nordic Beast Pants":1.06,"Jeweler's Security Door":0.89,"Railway Barricade":1.96,"Undead Bedroll":1.76,"Epidemic Roadsign Vest":0.89,"Epidemic Roadsign Pants":0.94,"Hornet Chestplate":0.76,"Mini Nuke Case":1.25,"Meridian SAR":1.18,"Overlord Mask":1.57,"Grey Fire Door":1.52,"Sacrificial Knife":8.78,"Worker Pants":20.66,"Door to Death":0.8,"Patchwork War Kilt":2.63,"Fire Hose Box":1.3,"Anarchy":4.15,"Worker Hoodie":2.25,"Bone Hatchet":1.68,"Gang Leader Hoodie":1.42,"Pink Grunge":2.6,"Desert Patrol Vest":5.66,"Checkpoint AK47":2.49,"Bunker Door":4.38,"Refined Hatchet":1.11,"Clan Leader Mask":0.94,"Soul Taker AK47":1.1,"Raider Roadsign Vest":1.56,"Tailgunner Hoodie":0.88,"Glory SAR":55.55,"Merciless Gloves":2.12,"Sunrise SAP":1.88,"Space Rocket Chest Plate":4.1,"Space Rocket Face Mask":5.19,"Tailgunner Pants":0.88,"Sandwar BAR":2.46,"Hunter Hatchet":1.05,"Dime Bag SAP":2,"Shinobi Cowl":8.22,"Junkyard Samurai Helmet":1.81,"Apocalypse Kilt":5,"Huntsman Hoodie":3.18,"Huntsman Pants":3.8,"Trap Base Weaver":2.19,"Farseer AK47":1.48,"Raider Roadsign Pants":1.14,"Wasteland Hunter Hoodie":4.68,"Wasteland Hunter Pants":3.73,"Roadsign Warrior Helmet":7.82,"Jaws AK47":1.78,"Freebooter Vest":2,"Caravanner Shirt":2.96,"Red Dead Jester":3.01,"Rocket Factory Crew Hoodie":3.44,"Wasteland Hunter Boots":2.55,"Glory BAR":7.94,"Freebooter Pants":3.22,"Oink SAP":1.98,"Space Rocket Work Gloves":18.33,"Road Cone Helmet":1.15,"Modern Lumberjack Hatchet":1.36,"Raider Helmet":4.5,"Wasteland Hunter Gloves":15.99,"Salvation Door":0.87,"Quarantine Door":2.13,"Trash Box":3.47,"Diesel Roadsign Pants":6.93,"Epidemic Helmet":1.1,"Geode Hatchet":1.92,"Tailgunner Boots":1.82,"Barb Wire Rock":2.59,"Forgotten Temple Box":1.37,"Tailgunner Gloves":2,"Leather Pick Axe":1.21,"Polar Station Door":2.71,"Stalker Hoodie":1.28,"Diesel AK47":1.47,"Stalker Pants":10.01,"Safe Room Door":1.26,"Nishikigoi SAP":1.99,"Ancient Gods Stone Hatchet":4.1,"Diesel Facemask":1.53,"POP Crossbow":1.29,"Ornate Pick Axe":13.03,"Wild Flame MP5":1.43,"Deathwing Facemask":7.41,"Deathwing Vest":2.05,"Arctic Wolf Hoodie":2.52,"Arctic Wolf Pants":2.47,"Deathwing Pants":3.84,"The Beast AK47":2.5,"Black Decorative Wood Door":3.61,"Gunsmith SAR":1.57,"Ancient Gods Stone Pickaxe":1.71,"Northwind Crossbow":1.42,"Arctic Wolf Boots":6.14,"Brass Sentinel Door":0.94,"Shamanism Revolver":3.17,"Macbeth Hatchet":1.53,"Arctic Wolf Gloves":3.52,"Metalhunter Pants":3.79,"Elder's Metal Facemask":1.24,"Wild Tiger MP5":5.18,"Conquerer AK47":1.68,"Barricaded Door":1.05,"Metalhunter Boots":4.87,"Roasted Bucket Helmet":4.51,"Suzy-Q SAR":2.07,"Warface Chestplate":4.3,"Plywood Helmet":1.19,"God Of Builders Hammer":5.71,"Salvaged APC Door":0.93,"Mad Crossbow":1.19,"Sky Seal Hoodie":2.12,"Metalhunter Facemask":6,"Cobalt Armor Vest":1.25,"Cobalt Armor Helmet":3.71,"Sky Seal Pants":2.51,"Sky Seal Boots":2.71,"Hideout Door":1.21,"Hero's SAR":1.89,"Vaccine box":1.65,"Survivor SMG":3.81,"Rocket Scrap Salvaged Pickaxe":11.5,"Sky Seal Gloves":2.54,"Cobalt Armor Pants":4.47,"Tomb Pickaxe":2.62,"Tank Crew Pants":6.43,"Bear Bag":3.83,"Sting Revolver":2.57,"Lone Wulf Crossbow":5.72,"Aztec Jade Pick Axe":2.59,"Treasure Crate":3.13,"Museum Raider Hammer":5.17,"Golden Dragon":3.21,"The Reptile":2.12,"Funhouse Helmet":0.87,"Blacksmith Shirt":4.48,"Tank Crew Roadsign Pants":3.3,"Blacksmith Pants":6.52,"Dead Hammer":5.98,"Tank Crew Facemask":2.13,"Safari SMG":1.87,"Betty Lou AK47":2.99,"Star Bedroll":1.18,"Wood Barreled":1.67,"Freefolk Bedroll":1.72,"Utilizer Pants":2.5,"Loot Coffer":1.22,"Rebel Shotgun":3.28,"Utilizer Helmet":1.98,"The Beast Of The East":1.81,"Pharaoh SAR":2.97,"Survivor Hatchet":1.47,"Arctic Wolf MP5":8.42,"Lone Wolf Door":1.28,"Utilizer Vest":1.62,"Metalhunter Chest Plate":3.11,"Metalhunter Roadsign Vest":4.01,"Steel and Brass BAR":1.91,"Metalhunter Roadsign Pants":5.84,"Dead Pirate Rifle":4.92,"Night Howler AK47":6.95,"Caution DBS":1.29,"Cobalt Security Locker":5.16,"Damascus Steel Hatchet":4.92,"Sting SAP":3.27,"TacCom Security Door":1.37,"Metalhunter Gloves":2.48,"Cobalt Survival Bag":1.9,"Luxuria":1.7,"Soul Collector Hatchet":1.99,"War Machine Mask":2.6,"Damascus Steel Pickaxe":4.73,"Prospector's Hatchet":1.26,"Tirbal Stone Hatchet":1.73,"War Machine Chestplate":3.72,"Prospector's Pickaxe":4.91,"War Machine AK47":1.76,"Faded SAP":1.84,"Yellow Ornate Chair":3.33,"Predator Pants":11.29,"Predator Hoodie":8.61,"Glass Cannon":2.56,"Survivor BAR":10.21,"Sleep Catcher":1.76,"Rebel Revolver":3.85,"Panther AK47":2.72,"Beast Hunter Hatchet":1.18,"Unholy Grenade":16.29,"Wyrm Chest":2,"Hellcat SAR":2.86,"Glorious AK":14.95,"Blood Dragon Rifle":6.56,"Rioter's Pants":4.17,"Rioter's Jacket":2.3,"Salvaged Cargo Box":2.55,"Cannibal Survival Bag":3.97,"Bulletstorm":0.94,"Spider King Hatchet":1.13,"Skull Fire Pit":5.92,"Scarecrow":25,"Halloween Door":1.38,"Glowing Metal Pumpkin Mask":1.89,"Santa Muerte":1.48,"Death Crypt Door":1.22,"Chop Shop Garage Door":54.82,"Military Boomstick":2.4,"Defense Garage Door":10.02,"SAR Scarecrow":1.66,"Frankenstein Mask":2.3,"Rotten Scalp":1.77,"Daemon Strike":28.69,"Gurkha Eoka":5.15,"Eater Hatchet":1.1,"Wyrm Rifle":1.58,"Saboteur Rifle":7.54,"Finish Line SMG":1.21,"Mad Helmet":0.99,"Mad Pants":2.92,"Twisted Pipe":1.85,"Marauder":1.34,"Rolling Exit Door":4.33,"Croc Shot":1.96,"Metalhunter Can Helmet":3.3,"Cobalt Graffiti Door":2.15,"Midas Hatchet":1.47,"Gurkha Crossbow":1.25,"Saboteur's Pants":6.22,"Idolized Toolbox":1.5,"Cobalt Space Door":2.52,"Cobra":1.3,"Lavish Vending Machine":5.37,"Soulburn Hatchet":1.05,"Supply Drop Sleeping Bag":2.93,"Death Viper":2.59,"Saboteur's Vest":4.36,"Soulburn SAR":1.77,"Saboteur's Can Helmet":6.94,"Piranha AK47":5.05,"Raven":29.9,"Dark Flames SMG":5.14,"Survivor LR-300":14.1,"Stonecraft Pick Axe":1.19,"Danger Box":1.44,"Nightmare SAR":9.34,"Bruiser Facemask":1.97,"Antique Metal Door":1.42,"Sea Hunter Shotgun":2.64,"Wildfire LR-300":1.72,"Scrapper Vest":1.3,"Scrapper Pants":1.05,"Scrapper Helmet":2.3,"Polymer SMG":23.63,"Aztec SAR":5.48,"Chivalry AK47":3.85,"Aztec Trunk":1.1,"Eisensheet Door":1,"Double Trouble DBS":3.63,"Checkpoint Door":14.8,"Devourer":1,"Toothed Sword":1.99,"Frost Hammer":4.35,"Engraved Python":2.5,"Scrap Hazard Kilt":2.58,"Aristocratic Armored Door":1.72,"Mandrill":1.03,"Scrap Hazard Helmet":1.28,"Muertos Chest":1.7,"Black Mamba":1.21,"Scrap Hazard Vest":1.04,"Decorative Small Box":2.83,"Siege Breaker":1.05,"My Only Friend":2.19,"Junkyard Pipe":1.85,"Tribal Revolver":9.05,"Christmas Lights":158.75,"Christmas Door Wreath":1.86,"Snowman":2.07,"Victorian Furnace":1.27,"Blacksmith Furnace":1.35,"Dark Silver Python":1.11,"Festive Garlands":13.62,"Apocalypse Door":1.49,"Aztec Macuahuitl":6.95,"Christmas Furnace":2.68,"Santa's Helper Pants":0.93,"Santa's Helper Shirt":1.31,"Snowboy":0.99,"Rudolph Slippers":1.61,"Santa's Boomstick":1.03,"Santa Bandana":1.43,"Rustmas Rug":8.91,"Trausi's Python":1.01,"Sea Monster":1.51,"Scrapper SAR":1.91,"Talon AK47":2.19,"Explorer Pants":1,"Explorer Hoodie":0.83,"Warstory Python":1.02,"Bone Grinder LR-300":1.69,"Scraptooth Sword":1.4,"Scrapper Hatchet":1.01,"Defender Pants":2.95,"Apostate":2.28,"Factory Rolling Door":1.07,"Whopper DBS":1.83,"Full Metal Hatchet":1.19,"Death in Spades AK47":1.43,"Dead Man Crossbow":1.16,"Eisensheet Box":2.09,"Defender Vest":0.94,"Defender Helmet":1.09,"Widowmaker Python":1.29,"Angry Furnace":1.27,"Urban Furnace":1.16,"Aztec Jade Hammer":3.08,"Anubis Ak47":14.16,"Glory Throne":3.49,"Hellion DBS":1.65,"Captain's Treasure":1.2,"Samurai Kabuto":1.8,"Samurai Dou":1.35,"Samurai Haidate":3.02,"Nuke Bag":1.58,"Artisan's Stone Pickaxe":1.4,"Artisan's Stone Hatchet":1.52,"Golden Drake AK47":1.71,"Phoenix Crossbow":1.6,"Duelist Revolver":2.93,"Ancient Furnace":1.9,"Midway LR300":4.31,"Scrapper Storage Chest":1.61,"AK-47 From Hell":37.08,"Mosaic Furnace":3.7,"Prospector's Pants":1.4,"Stinger Icepick":13.87,"Prospector's Hoodie":1.2,"Childhood Toolbox":2.11,"Flesh Knife":4.6,"Cannibal Tribe Musket":2.3,"Steam DBS":3.08,"King of the Jungle AK47":1.42,"Revolution Hoodie":1.11,"Urban Light SAR":10.94,"Muertos Sleeping Bag":5.65,"Totem Furnace":1.23,"Saboteur DBS":3.06,"Revolution Jeans":2.58,"Fretwork Door":0.91,"Wisdom Door":4.88,"Lone Wolf Chest":1.5,"Hydraulic Furnace":1.64,"KOI":8.72,"Whens Whip?":1.94,"Loot Leader Pants":4.06,"Aztec Gold Chest":1.95,"Warhead LR300":4.17,"Hatchet of Antiquities":1.03,"Elegant Pick Axe":1.01,"Freedom SAR":1.32,"It is Wednesday, my dudes":1.31,"Rumble AK47":1.68,"Holy Python":2.03,"Loot Leader Helmet":1.49,"Loot Leader Vest":1.56,"Hunted Hat":3.32,"Brutal Door":0.91,"Megalodon Totem Pickaxe":1.56,"Reactor Room 3 of 10":2.28,"Hot Battle Steel":1.1,"Ichtaca Treasure Box":17.75,"Necromancer Python":0.97,"Snakebite SAR":2.29,"Firefighter Hoodie":1.35,"Pandora's box":1.52,"Shinobi Hatchet":2.53,"Grid Door":4.27,"Polymer LR300":10.72,"Royalty Pump Shotgun":4.73,"Hawk Crossbow":1.4,"Aztec Gold Door":7.24,"Cold Hunter Python":7.65,"Conquistador Chest Plate":1.09,"Ritual Furnace":1.17,"Tree Killer":1.31,"Trash Garage Door":8.09,"Warbeast SAR":3.52,"Conquistador Face Mask":1.28,"Stone Killer":1.43,"Chekist's Pants":1.52,"Chekist's Hoodie":1.69,"Crypt of Death AK47":17.3,"Urban Ice Pants":1.89,"Soulkeeper SAR":2.15,"Urban Ice Hoodie":2.54,"Outlaw Python":2.77,"Brutal Furnace":1.24,"Heat Seeker Mp5":0,"Carpenter's Small Box":2.23,"Dreamcatcher Door":1.2,"Industrial Pipe Shotgun":2.96,"Fenrir Pickaxe":2.02,"Fenrir Hatchet":1.14,"Ronin":4.85,"Road Raider Pants":2.86,"Road Raider Shirt":2.45,"Bone Collector Door":0.95,"Urban Ice AK47":2.34,"Road Raider Bandana":3.75,"Military Furnace":2.01,"Virulent Hatchet":1.03,"Punk Python":1.52,"Urban Ice Jacket":32.26,"Legendary Gold Facemask":99.95,"Urban Night Door":7.68,"X-RAY AK47":7.95,"Hot Rod SAR":2.04,"Cargo Truck Garage Door":26.92,"Northern Forester Pants":2.57,"Artist's Door":1.62,"Ivory Python":2.03,"Fortified Castle Door":0.97,"Junkyard Furnace":1.36,"Mystic AK47":18.2,"Industrial Python":2.33,"Dwarf Chestplate":1.75,"Caution Helmet":1,"Payback SAR":2.41,"Caution Vest":1.5,"Ancient Gods Furnace":2.76,"Railway Box":1.29,"Railway Door":0.96,"Dwarf Facemask":1.7,"Brony Bag":6.48,"Gold Spirit Crossbow":25.8,"Dominator Vest":1.12,"Dominator Helmet":1.04,"Tribesman Hide Pants":14.77,"Demonic AK47":4.5,"Full Metal Vest":3.69,"Full Metal Helmet":6.15,"Boat House Door":1.59,"Full Metal Kilt":11.26,"Leopard Skin Pants":1.82,"Meltdown Metal Door":0.92,"Seaman Hoodie":1.49,"Sailor's Garage Door":1.35,"Ragnarok Trunk":1.7,"Steel Pirate Door":6,"AK Royale":26.81,"Survivor Bag":2.62,"Protector DBS":1.64,"Rainbow Furnace":2.03,"Tribal Stone Hatchet":1.51,"Tribal Stone Pickaxe":1.71,"Afterburn SMG":1.44,"Samurai Kozane Do":11.5,"Samurai Somen":6.06,"Party Pooper":3.56,"Chinook Fuselage Door":5.53,"Lumberjack Hoodie":1.15,"Lumberjack Gloves":2.58,"Lumberjack Pants":1,"Tiki SAR":1.6,"Medieval Fresco Furnace":1.46,"Saw Sword":1.88,"Brony Hoodie":6.52,"AK-47 Victoria":49.18,"Dwarf Roadsign Pants":4.66,"Caution Crate":1.49,"Dwarf Roadsign Vest":2.7,"Buzzard SAR":1.32,"Caution Door":2.56,"Outlaws Hoodie":1.55,"Scrap Face Furnace":1.15,"Retro Vending Machine":4.14,"Alchemist Door":1.29,"Heavenly Legion Kilt":2.77,"Hellfire Portal":3.22,"Precious Antiques Chestplate":1.01,"Caution SAR":1.72,"Trophy Pirate Door":13.65,"Secret Zone Pick Axe":1.07,"Smoking Python":3.12,"Deep Water Crossbow":1.84,"Gravel Rock":1.91,"Crime Bag":88.87,"Pirate Shirt":5.58,"Brass Lion":4.51,"Geartooth DBS":2.17,"Gravel Stone Hatchet":2.23,"Red Skull Door":1.88,"Scorpion AK47":3.74,"Gravel Stone Pickaxe":2.04,"Checkpoint Hoodie":1.09,"Dragon Furnace":21.57,"Bandit Garage Door":2.43,"Vandal Graffiti Vest":0.84,"Test Room Door":0.94,"Vandal Graffiti Helmet":3.08,"Vandal Graffiti Pants":1.05,"Golden Drake Sleeping Bag":3.69,"Geartooth SAR":1.68,"Huntsman Crossbow":2.02,"Battle Scarred AK47":5.82,"Snap Turtle Vest":5.37,"Snap Turtle Pants":6.63,"Hazard Pick Axe":1.1,"Hazard Hatchet":1.01,"Mad DBS":1.8,"Regal Revolver":4.5,"Junkyard King Gloves":1.51,"Junkyard King Shirt":1.51,"Junkyard King Pants":5.28,"Pug Tower Door":4.28,"Hellfire Furnace":4.02,"Badboy Gloves":1.97,"Green Dragon AK47":3.56,"Badboy Hoodie":1.17,"Badboy Pants":1.31,"Best Friend":1.92,"REX":1.22,"Bumble Bee Helmet":4.64,"Corinthian Door":1.26,"Whaleman Chestplate":1.05,"Bandit Sheet Metal Door":1.4,"Rust Footballer Shirt":1.45,"Viking Door":10.13,"War Door":1.85,"Pink Death Revolver":3.38,"Iron Calamity":1.01,"Rust Goalkeeper Shorts":3.73,"Marrakesh":1.06,"Hunter's crossbow":1.79,"Rust Goalkeeper Shirt":1.92,"Mojave SAR":1.63,"Cursed Pirate Garage Door":5.39,"Pink Death Python":4.3,"Radioactive Revolver":3.84,"Night Sky Door":2.16,"Adventurer's Rock":1.91,"Cajun Hoodie":2.98,"Cajun Pants":4.39,"Pharon Pick Axe":0.96,"Cajun Gloves":2.78,"Pharon Hatchet":1.05,"Last Phoenix":3.53,"Oblivion Sword":4.99,"Peacemaker Vest":0.86,"Peacemaker Helmet":1.18,"Peacemaker Pants":1.83,"Flower Power Door":0.88,"Brutal Jaws Garage Door":1.46,"Abstraction Stone Hatchet":1.9,"Etherya AK47":1.89,"Brony Boots":6.6,"Brony Pants":1.47,"Toxic Box":3.97,"Mad Rider Hoodie":1.72,"Viking Armor Vest":7.03,"Viking Helmet":3.14,"Mad Rider Gloves":2.05,"Viking Armor Pants":5.75,"Mad Rider Pants":2.52,"Toxic Door":3.5,"Sailor's Revolver":3.05,"Monster Garage Door":6.04,"Montezuma Pick Axe":2.68,"Pharaoh Mummy Box":1.29,"Swamp Rock":1.97,"Chaos Helmet":8.27,"Reptile SAP":1.76,"Reaper Hatchet":1.22,"Chaos Armored Vest":2.07,"Rust Island Car Rug":35.76,"Heart Shot":1.55,"Longtail Garage Door":5.12,"Fury Ex Red":1.3,"Nitro Junkie Python":1.01,"Midnight Dream":2.28,"Peacemaker Sleeping Bag":2.66,"Divinity Door":1.18,"Pathogenesis":0.99,"Toxic":4.16,"Ancient Totem Furnace":7.1,"Gold Phoenix SAR":8.95,"Burlap Bandit Bandana":3.07,"Machinery Pickaxe":1.53,"Guardian Door":0.89,"Marsh Lurker Hoodie":1.81,"Marsh Lurker Pants":1.65,"Bite Python":1.01,"Metalhead Revolver":3.46,"Gold Rush AK":9.09,"Dragon Glass Stone Pickaxe":12.3,"Dragon Glass Stone Hatchet":12.57,"Duelist's Wood Box":2.64,"Royal SAR":1.24,"Tempered Steel LR300":2.44,"HellBunker Door":2.45,"Toxic Furnace":12.92,"Beast of Industry":1.72,"Regal Pick Axe":1.11,"Emergency Exit Door":3.44,"Regal Hatchet":1.04,"Pegasus Python":1.41,"Trophy Pirate Crossbow":3.1,"Drake SAR":4.5,"Rainbow Sword":5.8,"Warpaint SMG":1.55,"Tempered SMG":10.16,"Danger Garage Door":3.58,"Cursed Soul Furnace":1.32,"Quarantine Area":0.78,"Hippie Blaster":1.24,"Primal SAR":1.18,"Gearlord AK47":1.34,"Wanderer's Chest Plate":2.29,"Bolt From Hell":7.5,"Labyrinth Box":1.39,"Wanderer's Face Mask":2.36,"Labyrinth Door":1.4,"Cobalt Cargo Door":1.52,"Tempered Python":5.98,"Football Rock":5.57,"Phantom AK":15.31,"Captain's Bed":3.22,"Potty Door":2.78,"Creepy Box":1.5,"Door of Flesh":1.4,"Scary Vest":0.99,"Spooky Slime Furnace":10.21,"Cursed Cauldron":8.5,"Pumpkin Rock":4.23,"Strobe Light":3.45,"Peacemaker Box":1.49,"Scary Helmet":0.92,"Scary Kilt":1.62,"Nightmare AK47":2.46,"Tempered Sword":11.17,"Braineater Hammer":2.96,"Marble Furnace":1.58,"Frankenstein Revolver":2.94,"Spooky Speaker":5,"Ghostly Flame":9.04,"Bogeyman LR300":0.98,"Hell-o-ween Wooden Door":2.83,"Box from Hell":41.89,"House of Horror":1.45,"Night Stalker Vest":1.32,"T-Bone AK47":2.59,"Scarecrow AK47":2.73,"Night Stalker Helmet":1.6,"Troll Daddy Mask":2.27,"Tempered SAP - Ornate":4,"Polymer AK47":1.56,"Troll Daddy Roadsign Pants":2.5,"Troll Daddy Roadsign Vest":0.77,"Sea Supply Box":1.5,"Lost Hope Door":0.89,"Open Stone Box":2.34,"Cargo Ship Security Door":2.73,"Beauty Kills":3.37,"Runic Hatchet":1.37,"Cold Hunter LR 300":9.46,"Bone Scepter":1.16,"CCSC Pants":1.1,"CCSC Hoodie":0.65,"CCSC Gloves":1.93,"Tooth Monster Crossbow":1.32,"Bone Dragon Hatchet":1.34,"Sea Eater SAR":1.48,"BullDozer LR300":0.98,"Dragon's Spit":0.98,"Nineties Zapper":3.97,"Dreamer's Door":0.81,"Caution Crossbow":1.24,"Sleepover Bag":1.72,"Buccaneer Blade":1.56,"Northwind SAR":1.35,"Tribe Furnace":2.94,"Electro Garage Door":1.77,"Huntsman AK47":1.93,"Hollow Point Gifter":1.06,"Taurus Hatchet":1,"Taurus Pick Axe":0.98,"Cold Hunter AK":11.79,"Huntsman Chest Plate":5.82,"Nuke Pistol":2.72,"Power Door":0.82,"Huntsman Facemask":2.22,"Home Sweet Home":1,"Snowman Door":2.03,"Gingerbread AK":4.75,"Snow Machine":3.68,"Festive Surprise":0.82,"Candybober Sword":1.06,"Granny's Bolt":2.3,"Gingerbread Box":2.9,"Santa Metal Facemask":1.21,"Santa Chest Plate":0.87,"Santa's Blaster":1.11,"Сhristmas Night":0.97,"Santa's Front Door":1.35,"Naughty Gingerbread Chestplate":1.33,"Naughty Gingerbread Facemask":1.78,"Christmas Gang Pants":1.73,"Santa Furnace":1.78,"Seasons Beatings":1,"Christmas Gang Hoodie":1.64,"Nutcracker":0.86,"Winter Hatchet":1.32,"Snowman Hammer":2.81,"Winter Pickaxe":1.69,"Batteries Not Included":7.53,"Hell's Dogs":1.65,"Beast Bandana":2.08,"Berserk Chest Plate":0.81,"Berserk Facemask":0.93,"Cobalt Wooden Door":0.85,"Dead Ringer LR300":1.11,"СМЭРТЬ":1.28,"Mainframe Door":1.09,"Peacemaker Python":1,"Dragon Egg":2.15,"Moon Light":3.1,"Cold Hunter SAR":7.63,"Troll Daddy Chest Plate":0.62,"Egiptu Box":1.34,"Caution Garage Door":1.86,"Egiptu Door":0.83,"Icarus LR300":1.03,"Witchhunter DBS":1.99,"Regeneration Program":1.64,"Virus Hatchet":1.04,"Metalhead SAR":1.53,"Survivor Jacket":0.83,"Celtic Python":1.01,"Survivor Gloves":1.69,"Psychosis Pump":3.79,"Holographic SAP":2.45,"Furious Volcano":4.57,"Evil Within":1.21,"Zap Slasher":2.3,"Monster Box":1.91,"Badlands LR-300":0.94,"Scrapper Hoodie":0.81,"Big Burger":11.84,"Glory Mask":6.69,"Glory Armor Chest":2.05,"Glory Gloves":4.05,"Railway Engineer Pants":1.06,"Digital Security Box":1.28,"Personal Lighthouse":0.98,"Railway Engineer Hoodie":1.06,"Dragon Mask":5.74,"Dragon Door Knocker":1.12,"Chinese Lantern":5.4,"Marked for Death":0.99,"High Voltage Box":1.46,"Minicopter Hangar Door":1.11,"Icarus MP5":1.08,"Cupidon":1.36,"Dead Valentine Door":0.93,"Hearts Furnace":2.06,"Box of Hearts":3.64,"Pink Death LR300":2.03,"Valentine MP5":3.42,"Heart of the Creator":3.95,"Glory Boots":2.2,"Bandit Rug":11.5,"Glory Kilt":4.84,"Troll Daddy AK":1.87,"Egiptu Garage Door":1.79,"Monster Furnace":1.99,"Batteries Not Included Python":6.53,"Candyman SAR":4.58,"Airman Hoodie":3.31,"Glory Rocket Launcher":4.71,"Airman Pants":2.68,"Jungle Fighter LR-300 Stockless":2.43,"Birch Furnace":1.63,"Hut Door":0.85,"Gun Lord Door":1.37,"Phantom LR-300":5.16,"Cursed Treasure Hatchet":1,"Blast Armored Door":1.61,"Oil Rig Storage Box":2.01,"Leprechaun's Loot":1.63,"BullDozer AK47":1.43,"ZENLABS Garage Door":1.65,"Vandal Face Mask":0.81,"Vandal Chest Plate":0.65,"Oil Rig Door":0.82,"Double Oil Pipe":3.69,"Playmaker AK47":10.51,"Glory Thompson":17.5,"Mysterious Cult Thompson":2.48,"Spider Furnace":1.33,"Freight Crate":1.46,"Armored Scrapper Door":1.35,"Cold Hunter MP5":9.94,"Bandit Headwrap":0.88,"Glory Rifle":5.16,"Honeycomb":1.91,"Deep Sea Door":2.87,"Last Friend":0.98,"Salvaged Hazmat Bandana":1.35,"Playmaker Chest Plate":5.98,"Playmaker Facemask":5.48,"Phantom Knife":2.99,"Glory Knife":5.02,"Minicopter Pilot Pants":1.16,"Fallen Emperor Door":1.44,"Carbon Elite":3.27,"Guerilla M249":1.37,"Scrapper Crossbow":1.4,"Emperor's Knife":3.1,"Skull Seeker":2.08,"Spring Hatchet":1.91,"Easter Door Wreath":0.65,"Tough Bunny Hoodie":2.01,"Tough Bunny Pants":1.41,"Carrot Power Chestplate":1.17,"Chocolate Bunny Furnace":1.66,"Egg Thief":1.1,"Rustigé Egg - Blue":40.43,"Rustigé Egg - Red":21.25,"Carrot Power Facemask":1.45,"Sweet Satchel":0.99,"Easter Bag":1.9,"Bombshell M249":6.58,"Mystic Hammer":6.25,"Devourer Thompson":4.8,"Holy Trapper Crossbow":1.8,"Phantom Bow":1.61,"Furnace from Hell":9.76,"Royal Door":0.97,"Royal Loot":1.59,"Native Hunting Bow":1.01,"Nuke Combat Knife":3.63,"The Beast M249":4.32,"Dynasty LR300":1.55,"Broken Mirror Door":1.41,"Resin Bow":2.89,"Royal Garage Door":2.3,"Scrapper Bow":1.08,"Archer Door":0.75,"Metalhead M39":13.78,"Training Hoodie":6.86,"Training Pants":10.33,"Blood & Fire":10.35,"Metal Lord Crossbow":1.67,"Tiki Pickaxe":1.5,"Tiki Hatchet":1.05,"Mother's Day Rock":9.55,"No Mercy Hoodie":18.08,"No Mercy Pants":29.07,"Azul AK47":7.34,"Black Pearl LR300":2.58,"Steer Clear":1.24,"Royal AK47":6.16,"Poseidon SMG":3.06,"Phantom Helmet":1.26,"Phantom Kilt":3.51,"Phantom Vest":1.79,"Dead Souls Chest Plate":1.28,"Azul Python":1.98,"Mosaic Door":1.18,"Dead Souls Facemask":1.46,"Cowboy Hat":1.82,"Northwind Bowmaster":1.02,"Cowboy Pants":1.15,"Cobalt Cola Fridge":8.02,"El Dorado Door":1.15,"Pegasus":4,"Deep Sea Storage":2.58,"Cowboy Shirt":1.16,"Rust Rider Door":2.49,"Cowboy Sheriff Pants":5.39,"Cowboy Sheriff Hoodie":4.36,"Jockey Cap":1.37,"Jockey Pants":1.2,"Jockey Hoodie":0.92,"Azul Roadsign Pants":2.48,"Azul Roadsign Vest":1.8,"Azul Helmet":1.72,"Horseshoe Box":1.15,"Cold Hunter Crossbow":4.8,"Royal Furnace":2.34,"Anarchist SAR":1.77,"Rocket Door":0.8,"Azul Thompson":3.98,"Bushi Zhe Hunting Bow":1.09,"Frostwulf Mask":0.89,"Frostwulf Armor":0.77,"Thermal Sleeping Bag":1.57,"No Mercy AK47":7.32,"Demon Furance":1.62,"Cobalt Ice Cream":5.39,"Sunrise Door":0.96,"Castle Gate":1.27,"Tactical Pick Axe":1.07,"Tactical Hatchet":1,"No Mercy SAR":3.78,"Gemstone Hatchet":1.34,"Gemstone Pickaxe":1.62,"Deep Sea Garage Door":3.08,"Pure Evil Revolver":4.94,"Apocalyptic Knight Pants":2.19,"Apocalyptic Knight Hoodie":1.29,"War Story Bow":1.09,"Hunting Bow from Hell":4.03,"Night Sky Large Box":6.96,"Royal Python":1.04,"Azul Bolt Rifle":5.72,"Wooden Purifier":1.11,"Apocalyptic Knight Kilt":1.35,"Apocalyptic Knight Helmet":0.89,"Apocalyptic Knight Vest":0.89,"Solar Panel Helmet":0.95,"Dolphin Float":1.26,"Deep Sea Furnace":2.53,"Resist Garage Door":1.74,"Goldthorn SMG":1.14,"Solar Panel Pants":0.96,"Solar Panel Vest":0.97,"Dynasty AK47":1.98,"Tactical SAR":2.86,"Playmaker Hoodie":0.5,"Vampire Crossbow":1.89,"No Mercy Python":1.55,"Cobalt Quarantine":1.18,"Playmaker Pants":0.56,"Rebellion Assault Rifle":1.01,"Pirate Treasures Door":1.11,"High Quality Crate":4.02,"Operator Hoodie":0.76,"Operator Pants":0.88,"Heavy Machinery Roadsign Vest":0.65,"Heavy Machinery Roadsign Pants":1.1,"Operator Helmet":2.71,"Morexo Garage Door":1.1,"Diesel SAR":1.15,"Scrapper Kilt":4.42,"Heavy Machinery Helmet":0.66,"Cobalt SAR":1.19,"Northwind Mask":0.74,"Morexo Tool Box":1.54,"Toxic Hazard Box":2.47,"Shippy Garage Door":2.2,"Northwind Chestplate":0.68,"Happiness DBS":1.22,"Apocalyptic Knight AK":2.7,"Frostwulf Bed":1.7,"Poseidon LR300":2.2,"Playmaker Kilt":1.02,"Loot Leader Trousers":3.44,"Loot Leader Hoodie":2.97,"Caution Bolt Rifle":2.85,"Night Sky Furnace":1.29,"Azul Metal Facemask":2.15,"Azul Metal Chest Plate":2.1,"Dynasty SAP":1.94,"Cursed Treasure Pick Axe":0.98,"Tiki Crossbow":1.55,"Playmaker M249":1.79,"Rooted Rock":2.66,"Aviator Python":0.96,"Sunrise Box":2.52,"Street Meat Door":1.12,"Shippy & Friends Door":0.98,"Flyboy SMG":1.22,"Apocalyptic Knight Leather Gloves":3.02,"Apocalyptic Knight Boots":3.9,"Tactical Chestplate":1.93,"Gothic Reception":3.12,"Tactical Facemask":1.64,"Golden Leaf Bow":1.1,"Shadow of Death Hatchet":1.01,"Vandalized Shop Door":1.12,"Shadow of Death Pick Axe":0.98,"Sea Monster Launcher":1.62,"Vampire Stone Hatchet":2.24,"Excavator Door":0.85,"Ace Door":1.39,"Scrap Heli Box":1.43,"Vampire Stone Pick Axe":3.02,"Sunken Treasure AK":1.65,"Helicopter Blade":1.1,"Project White Light":1.29,"Garden Pipe Shotgun":1.88,"Punkish Pants":0.9,"Apocalyptic Knight Rifle":4.28,"Love Nest":0.99,"Fuel Hammer":2.55,"Punkish Hoodie":0.86,"Shippy Sleeping Bag":1.86,"Dynasty Python":1.06,"Imp SAR":48.02,"Bombshell Kilt":8.98,"Punkish Gloves":1.96,"Bombshell Vest":1.74,"Punkish Boots":1.6,"No Mercy MP5":4.91,"Mad Rider Crossbow":1.38,"Bombshell Helmet":2.31,"Toxic Sleeping Bag":2.74,"Midnight Door":2.25,"Military Bunker Door":2.41,"Strange Fury Pick Axe":1,"Strange Fury Hatchet":0.98,"Punkish AK47":1.1,"Rat King DBS":1.31,"Poseidon SAR":4.84,"Night Sky Hammer":4.37,"Global Freight Double Door":7.44,"Ambulance Double Door":5.54,"Vampire Bow":1.94,"Wind King Wooden Double Door":4.11,"Hell Walker Double Armored Door":6.57,"Shippy Crate":1.62,"Tactical Hoodie":1.88,"Tactical Pants":3.51,"Midnight Box":4.65,"Military Double Door":8.88,"Sticker Pack AK47":1.09,"Flyboy LR":1.11,"Jack O Lantern - AK47":3.39,"Evil Pumpkin Facemask":0.76,"Evil Pumpkin Chest":0.67,"Jack Sheet Metal Double Door":11.45,"The Bone Bow":1.45,"Skull Door Knocker":8.44,"Large Candle Set":5.51,"Horror Chest Plate":0.92,"Horror Facemask":1.62,"Hell Forge":2.99,"Spooky Large Box":3.08,"Surgeon Scrubs":36.55,"Maniac Hoodie":1,"Maniac Facemask":2.32,"Comfortable Coffin":3.46,"Demonic Stone Furnace":8.21,"Double Door from Hell":52.9,"Pumpkin Hammer":4.17,"Maniac Pants":0.97,"Molten Visage Large Box":12.66,"Dia De Los Muertos Garage Door":2.47,"Punkish Facemask":1,"Punkish Chestplate":1.03,"Warlord Hatchet":1.07,"Warlord Pick Axe":1.24,"Caution Revolver":2.93,"Poseidon - AK47":9.2,"Training Kilt":6.94,"R.A.I.D. Satchel":1.41,"Morganite Pick Axe":1.31,"Totem Rocket Launcher":3.23,"Warboy Sleeping Bag":3.86,"Green Labs Door":4.8,"Morganite Hatchet":1.3,"Training Vest":4.62,"Dread Lord Knife":6.85,"Dragon Claw Hatchet":1.89,"Pipeline DBS":1.19,"Cobalt Security AR":1.25,"Oil Rig Double Door":7.15,"Ammo Crate":1.31,"Morganite Hammer":3,"Training Gloves":4.7,"Training Boots":5.74,"Double Blade":2.32,"Tactical Kilt":6.39,"Tactical Combat Boots":6.57,"Phantom SMG":3.38,"Holographic LR300":2.56,"Pirate Hut Door":0.9,"Monster Double Door":9.19,"Apocalyptic Knight Facemask":5.67,"Apocalyptic Knight Chest Plate":3.19,"Winged Guardian Door":1,"Cookie Maker Furnace":1.19,"Mr. Gingerbread":1.07,"Santa's Bag":1.66,"Gingerbread Door":1.25,"Dragon Launcher":6.57,"Evil Snowman Chestplate":0.72,"Big Dreams Door":4.2,"Training Facemask":2.61,"Iceman Kilt":1.5,"Santa Beard":2.38,"Snowman Surprise SAR":1.27,"Desert Hawk AK47":2.32,"Iceman Helmet":1.23,"Deluxe Christmas Lights":8.68,"Musical Notes Door":0.86,"Concert Curtains":2.09,"Rocker Pants":2.91,"Candy Launcher":1.47,"Christmas Tree Garage Door":3.02,"Jester Armoured Double Door":9.55,"Rustmas PJ Pants":0.85,"Toy Box":2.87,"Evil Snowman Mask":1.49,"Bad Santa Satchel":0.95,"Rudolph Skull Mask":1.07,"Iceman Armor":0.96,"Rustmas PJ Hoodie":0.89,"Music Box":12.54,"Doors to a Fairy Tale":10,"Doodle Pants":1.74,"Morganite Rock":1.82,"Wolf Den Wooden Door":0.97,"Bull Rage Door":0.88,"Doodle Hoodie":2.02,"Metal Beast Python":1.02,"No Mercy LR300":1.62,"Cloud Shot Crossbow":2.02,"Peacemaker SMG":1,"Satchelo":4.57,"Bio Integrity Furnace":1.12,"Toothed Pick Axe":0.96,"Doodle Gloves":2.61,"Marine Blast Door":1.17,"Portable Toilet":7,"Buscador Hoodie":0.55,"Buscador Pants":2.5,"Bombshell Facemask":1.08,"Bombshell Chestplate":0.99,"Lucky No.8 SAR":1.15,"Toy Blast LR":1.71,"Small Fireworks Pack":2.63,"Large Fireworks Pack":4.41,"New Year Gong":2.88,"Lunar Armor Helmet":1.02,"Triumph Bow":1.08,"Year of the Rat Door":0.89,"Eastern Dragon Furnace":1.32,"Rat Chest":1.24,"Lunar Armor Vest":1.5,"Doodle Vest":1.78,"Doodle Kilt":3.34,"Doodle Helmet":3.7,"Bio Integrity Door":0.84,"Silver Leaf Stone Hatchet":1.44,"Salvaged Hazmat Bag":1.25,"Silver Leaf Stone Pickaxe":1.9,"Memories AR":0.94,"Heartbreaker AR":1.05,"Road Romeo Boots":1.48,"Pink Death Bow":1.22,"Guardians of the Heart":1.05,"Love Machine":1.27,"Master's Furnace":3.12,"Eat Me Facemask":1.5,"Road Romeo Helmet":2.34,"Road Romeo Jacket":0.79,"Love Sack":1.18,"Road Romeo Pants":1.1,"Road Romeo Gloves":1.98,"Eat Me Chestplate":0.97,"Molten Visage Armored Door":4.38,"Caution Hoodie":0.63,"Caution Workpants":0.73,"RaidBot Chest Plate":0.8,"Emerald Relic Hatchet":1.95,"Emerald Relic Pick Axe":1.4,"Cloud Shot Bow":1.74,"Old Fighters Door":0.91,"RaidBot Facemask":0.9,"Doodle Metal Facemask":2.08,"Doodle Metal Chestplate":1.4,"Revolution Garage Door":2.27,"Cargo Heli Storage":18.87,"Training AR":1.12,"Rainbow Pony SMG":1.63,"Bio Integrity Hoodie":0.6,"Bio Integrity Pants":0.63,"Pixel Metal Door":1.36,"Gothic Revolver":3,"Bio Integrity Gloves":1.23,"Bio Integrity Boots":1.41,"Rainbow AR":1.09,"CCTV Storage":1.2,"Monument Memories":1.14,"CCTV Garage Door":1.82,"Forsaken Era Chest Plate":2.19,"XPOINT Tools":2.83,"Doodle AK47":2.5,"Golden Ore":2.17,"Cobalt Coffee":9.11,"Uproar LR300":0.96,"Forsaken Era Mask":1.72,"XPOINT Armor":2.19,"Night Sky Chair":4,"No Mercy Bolt Rifle":7.48,"XPOINT Ammo":1.78,"Pixel Garage Door":5.03,"Eco Door":0.8,"Flare Eoka":0.97,"One Shot Bow":1.97,"Rainbow Pony Crossbow":2.82,"Phantom Pants":8.69,"XPOINT Misc":2.19,"XPOINT Medical":2.22,"GMO Free Seed Box":1.99,"Farmer Overalls Bottom":5.52,"Fresh Produce Garage Door":1.81,"Farming Storage Box":4.58,"Garden SAP":1.77,"Farmer Overalls Top":10.25,"Red Barn Double Door":5.3,"Choco-Revolver":2.65,"Easter Bandit":0.82,"Happy Rabbit Door":0.83,"Spring Sleeping Bag":1.11,"Easter Bunny Small Box":2.84,"Cargo Heli Locker":9.66,"Uproar Facemask":1.57,"Uproar Chestplate":0.74,"Talon LR":0.92,"Venomous Shot":1,"One Shot Crossbow":3.71,"Rainbow Pony AR":8.67,"Cow Moo Flage Hoodie":19.44,"Cow Moo Flage Pants":21.68,"Supplies Box":1.9,"Bee Hive":1.08,"Dreamland AR":1.04,"Uproar Pants":1.01,"Hieroglyphic Metal Door":0.86,"Cow Moo Flage Boots":3.46,"Uproar Hoodie":1.08,"Silver Leaf Hammer":6.17,"Blackout Hoodie":18.65,"Obsidian Rock":3.81,"Monument Memories AR":1.07,"Blackout Pants":25.32,"Norse Pickaxe":1.69,"Creepy Bandana":1.98,"Blackout Boots":14.32,"Cow Moo Flage Chestplate":2.23,"Cow Moo Flage Facemask":2.56,"Blackout Gloves":10.82,"Seafarer Hunting Bow":1.03,"Conspiracy Nut Hoodie":0.58,"Conspiracy Nut Pants":0.67,"Basebreaker LR":1.04,"Poison Armor Plate":1.61,"Poison Mask":1.61,"Cardboard AR":1.61,"Stealth Python":1.51,"Horsemen of the Apocalypse Door":4.09,"Acid Rock":3.21,"Lighthouse DBS":1,"Blackout Facemask":6.25,"Raptor AR":1.2,"Blackout Chestplate":5.3,"uMod Fundraiser Garage Door":1.5,"Abyss Bow":3.36,"Hieroglyphic Large Box":1.22,"Monument Memories SAR":1.31,"Building Block Hammer":2.76,"Sulfur Furnace":1.19,"Wealthy Farmer Door":0.78,"Blackout Kilt":18.46,"Blackout Helmet":14.58,"Blackout Vest":19.87,"OPS SAR":4.31,"HappyLand Garage Door":2.1,"Chaos Pick Axe":0.96,"Forest Camo Bag":9.34,"Optimist LR":1.1,"Raptor Facemask":0.88,"Blackout AR":13.8,"Elite Forest Camo Hoodie":7.72,"Elite Forest Camo Pants":4,"Raptor Chestplate":1.4,"DD Inc DBS":0.99,"Ancient Lore Door":0.87,"MILTAN Storage Box":2.14,"Ruby Pick Axe":1.61,"Metal Furnace":1.24,"Sourdough Bread":2.19,"Snow Warrior Pants":2.11,"Pixel Wooden Door":0.99,"Garage Master Pants":0.83,"Mechanic Tool Box":1.87,"Stickered Toy Car":1.69,"Oxums Gas Pump":2.02,"Mechanic Garage Door":2.13,"Oxums Racing Team Helmet":0.66,"Test Dummy Chestplate":0.94,"OVERDRIVE LR":0.94,"Oxums Racing Team Pants":0.76,"Garage Master Hoodie":0.8,"Mechanic Door":0.79,"Beach Crate":1.41,"Riveted Summer Door":0.86,"Beach Day SAR":1.39,"Ice Cream Club":1.01,"Chill Zone Garage Door":2.38,"Watermelon Ice Cream Hammer":3.11,"Summer Rug":2.67,"Raider's Cove Garage Door":1.66,"Ice Cream Freezer":5.3,"Tribe Hunting Bow":1.22,"Centurion Kilt":1.83,"Mystical Rock":3.3,"Blackout LR":1.87,"Winter Scout":3.3,"Cargo Heli Satchel Charge":1.49,"Two Faced Stone Hatchet":1.17,"Rainbow Pony Hatchet":2.25,"Doodle SAR":1.48,"BURNOUT":1,"Rainbow Pony Pick Axe":3.07,"Reprocessing Box":2.61,"Scientist Rug":3.47,"Blackout Crossbow":4.06,"Tribe Warrior Armor":0.83,"Neanderthal AR":0.95,"Hobo Hoodie":0.93,"Tribe Warrior Mask":0.81,"Rainbow Stone":2.75,"Laboratory Rolling Door":1.08,"Venomous Bow":1.75,"Tea Ceremony Knife":5.07,"Bee Cosplay Hoodie":1,"Retrowave Crossbow":2.47,"Blackout Bow":9.5,"Opulent Mask":1.11,"Yummy Furnace":2.11,"Opulent Chest Plate":0.87,"Azul Sar":2.51,"Bee Cosplay Pants":1.1,"Bee Cosplay Boots":3.73,"Desert Scout":3.11,"Bee Cosplay Gloves":1.91,"Dragon Hoodie":1.15,"Dragon Pants":0.93,"Bombshell Mp5":1.27,"Tween LR":1.1,"Opulent Roadsign Vest":2.38,"Opulent Roadsign Pants":2.84,"Retrowave Sleeping Bag":3.29,"Opulent Helmet":1.13,"MeowMeow Sheet Metal Door":1.55,"Lifejacket Sleeping Bag":1.33,"Kayak Hoodie":0.62,"Capitan's AR":0.98,"Fish Shoes":6,"Kayak Helmet":19.55,"Nautical Storage Box":1.68,"Azul Hoodie":3.68,"No Mercy Vest":3.86,"No Mercy Kilt":6.98,"XPOINT Sulfur":2.5,"XPOINT Metal Fragments":3.58,"No Mercy Helmet":6.96,"Azul Pants":4.59,"Molten Visage Metal Door":1.54,"CHROMA FLAIR":0.98,"Toxic Garage Door":3,"Abyss Crossbow":4.39,"Winter Ops LR":1.09,"Poison Pants":1.23,"Garage Door from Hell":5.31,"PulsAR":1.06,"Midgard Door":0.78,"Ancient Runic Pick Axe":1.36,"Ancient Runic Stone Hatchet":1.69,"Dread Mask":2.44,"Retrowave Bow":3.12,"Paintball LR":0.95,"Elevator Garage Door":1.24,"Spacesuit":15.45,"Lab Elevator Double Door":5.43,"Cobalt Supply Box":1.4,"No Mercy Chestplate":3.56,"Doodle Large Wooden Box":2.8,"Blackout Jacket":13.96,"Meteorite Pick Axe":0.97,"Eagle Sheet Metal Door":0.9,"Glacial Visage Large Box":5.16,"Decoy Target":2.56,"Toy Blaster":2.08,"Basebreaker AR":1.43,"Retrowave SAR":4.61,"Opulent Pants":6.07,"Crypt Armored Double Door":16.82,"Jinx Wooden Door":0.83,"Franken-Facemask":2.29,"Franken-Chestplate":2.93,"Spirit Board Box":1.41,"Skull Spikes":4.5,"Skull Trophy":10.32,"Mummy Wraps":9.89,"Candy Hunter AR":2.01,"Neon Pumpkin Garage Door":8.05,"Ghostly Flame Box":4.96,"Halloween House Door":1.21,"Pumpkin Jail Double Door":6.7,"SAR from Hell":3.96,"Rusteratu Pants":1.41,"Gentleman's Shirt":3.4,"Retrowave AR":4,"Gentleman's Fedora":3.06,"Gentleman's Pants":6.44,"Toy Shotgun":3.6,"Melted Blast Door":0.86,"Little Cloud Box":1.93,"Taxi Cap":1.46,"Base Invaders Pants":1,"Day and Night Small Box":2.19,"Pixel Rocket Launcher":2.02,"Phantom Crossbow":2.05,"Wild Spirit AR":1.37,"Shippy & Friends Furnace":1.3,"Freedom Door":1.24,"Cardboard Kilt":4.51,"Weather Armored Door":1.46,"The Hunter and his Dog":0.88,"Cardboard Helmet":2.68,"Cardboard Vest":2.48,"Bombshell Hoodie":3.9,"No Mercy Boots":2.16,"Weather Sleeping Bag":1.75,"Bombing Hoodie":5.56,"Bombing Pants":5.68,"Porcelain AR":5.39,"Elite Crate SAR":1.7,"Monument Memories Facemask":1.06,"Monument Memories Chestplate":0.92,"No Mercy Gloves":5.67,"Bombing Facemask":2.83,"Bombing Chest Plate":2.37,"Pixel Metal Double Door":6.18,"Rising Moon Bow":1.28,"Recycler Vending Machine":4.23,"Weather Large Wood Box":2.47,"Neon Sign Pack":15.23,"Silent Night":1.04,"Santa's Door":1.47,"Evil Snowman AR":1.1,"Sweet Gift LR":0.92,"Christmas Bunker Double Door":8.99,"Fairy Tale Box":1.84,"Trust In Rust 3 Box":3.56,"Trust In Rust 3 AR":1.01,"Festive Pudding Rock":1.8,"Advent Calendar Garage Door":1.2,"North Rock":3.94,"Dead Moroz":1.1,"Mr. Gingerbread Kilt":2.3,"DoorCracker":0.87,"Xmas Candy Crossbow":1.32,"Mr. Gingerbread Helmet":0.78,"Winter Hoodie":2.05,"Winter Pants":1.32,"Porcelain Revolver":3.93,"Hunting Hatchet":1.01,"Hunting Pick Axe":0.96,"No Mercy SMG":1.79,"Doodle Sleeping Bag":1.92,"Jade Bow":3.09,"Corrupted Metal Door":0.85,"Foil Ball":1.47,"Bombing Kilt":0.43,"Bombing Roadsign Vest":0.77,"Bombing Helmet":0.95,"Weather Wood Door":0.77,"Porcelain SAR":1.65,"Freedom Sleeping Bag":1.99,"Volcano Furnace":1.51,"No Mercy LMG":1.09,"Jade Crossbow":1.72,"Eye Scream Door":0.75,"Fish Head":1.05,"Corrupted Garage Door":1.42,"Toxic Double Door":5.41,"Shattered Mirror AR":1.01,"Pharaoh's Bow":1.02,"Fish Pants":2.13,"Fish Shirt":1.35,"Nuke Bow":1.09,"Symbiote SMG":1.03,"Metal Monster Door":0.86,"Ladybug Cosplay Pants":0.7,"Bombing Thompson":1.59,"Blackout BAR":2.74,"Ladybug Cosplay Hoodie":0.47,"Jade DBS":1.24,"Nitrogen Hoodie":0.57,"Nitrogen Pants":0.62,"Eye Scream Furnace":1.15,"Tempered Thompson":3.22,"Fish Gloves":2.8,"Porcelain Crossbow":1.66,"Lost Soul Crate":1.68,"Ox Box":1.22,"Lunar Ox Door":0.77,"Lunar Ox Crossbow":1.7,"Ox AR":1.07,"Ox Mask":2.4,"Firecracker Eoka":1,"Love Injector":1.3,"Lovestruck Pants":3.45,"Lovestruck Hoodie":3.34,"Heart Strings Bow":1.21,"Lovely SMG":1.2,"Lovers Sheet Metal Door":1.89,"Small Box from Hell":2.68,"Blackout Thompson":6.89,"Corrupted Chestplate":1.36,"Bombing Jacket":2.63,"Corrupted Facemask":1.42,"Doodle Jackhammer":1.82,"Rising Moon":1.78,"Rainbow Doors":1.34,"Retrowave Large Box":2.58,"Bamboo SAR":1.65,"Tempered BAR":3.79,"Whiteout Pants":3.83,"Whiteout Hoodie":6.61,"Chalk Rebel Revolver":2.87,"Neon Scrap Storage":12.35,"Lost Soul AR":1.2,"Chocolate Egg":1.27,"Bunny Hat":1.28,"Porcelain Roadsign Gloves":2.7,"No Mercy L96":1.68,"Tempered M39":2.55,"Poker Player Cap":0.92,"Obsidian LR":1.1,"Neon Boom Storage":44.99,"Whiteout Kilt":13,"Blackout L96":4.9,"Tempered Bow":4.47,"Neon Food Storage":9.32,"Neon Gun Storage":12.07,"Neon Meds Storage":6.32,"Pookie Dreams Sleeping Bag":2.09,"Neon Ammo Storage":6.1,"Neon Frags Storage":9.51,"Whiteout Vest":12.15,"Corrupted Bandana":0.99,"Neon Sulfur Storage":5.36,"Neon Wood Storage":18.2,"Neon Armor Storage":9.64,"Neon Stone Storage":6.06,"Rainbow Pony Boots":1.2,"Lightweight Kilt":3.03,"Lightweight Helmet":1.38,"Lightweight Vest":1.4,"Neon Comps Storage":12.42,"Neon Tools Storage":11.54,"Tempered Roadsign Gloves":3.83,"Shimmering Stone Hatchet":1.34,"Outer Planets Metal Door":2.29,"Forest Raiders Facemask":11.7,"Forest Raiders Metal Chest Plate":9.79,"Shimmering Stone Pick Axe":1.49,"Shark Headwrap":0.78,"Going Deep Sheet Metal Door":4.34,"Neon Charcoal Storage":11.68,"Yellow Submarine Door":1.04,"Forest Raiders Hoodie":11.6,"Forest Raiders Pants":24.49,"Forest Raiders Roadsign Vest":37.01,"Forest Raiders Roadsign Pants":50.78,"Forest Raiders Helmet":33.65,"Rainbow Pony Bandana":1.27,"Tempered Crossbow":3.74,"Bombshell Boots":2.46,"Neon Clothes Storage":16.01,"Going Deep Garage Door":11,"Forest Raiders Boots":7.19,"Fish Hammer":1.99,"Forest Raiders Roadsign Gloves":34.5,"Sheet Metal Door from Hell":3.44,"Panamanian Sleeping Bag":1.45,"Toy Machine Gun":1.27,"Veteran SAR":1.22,"Knight Templar Kilt":4.6,"Reinforced Furnace":1.3,"Quarantine Sheet Metal Door":1.01,"Lovestruck Chestplate":1,"Love Mashine AR":1.1,"Wings Of Love Pants":0.88,"Heart Hunter Bow":1.07,"Dragon Rage Pants":5.9,"Cucumber Eoka":1.67,"Dragon Rage Hoodie":8.92,"Dragon Rage Facemask":2.61,"Dragon Rage Chestplate":3.79,"Chocolate Easter Vest":0.64,"Festive Costume Pants":0.6,"Cheese Sheet Metal Door":1.03,"Festive Costume Hoodie":0.54,"Bombshell M39":2.27,"Dragon Rage Helmet":3.42,"Dragon Rage Vest":2.5,"Dragon Rage Kilt":2.62,"Dragon Rage Gloves":2.05,"Dragon Rage Boots":0.99,"Black Gold SAP":4.05,"Copper Hoodie":0.64,"Copper Facemask":2.77,"Armored Door from Hell":5.42,"Outer Planets Sleeping Bag":3.03,"Camouflage Net Door":2.87,"Pineapple Furnace":1.87,"Bullseye Python":1.01,"Blackout SAR":6.17,"Airlock Door":4.02,"Poor Man's Cardboard Door":2.61,"Military DBS":1.1,"Cultist Deer Torch":2.93,"Kraken Shell Facemask":0.74,"Rug from Hell":6.45,"Ghostly Flame Garage Door":3.49,"Pumpkin Armor Helmet":0.7,"Pumpkin Armor Kilt":1.33,"Ghost Blaster DBS":1.14,"Raven Deer Skull Mask":2.15,"Raven Poncho":1.74,"Paisley Bandana":0.73,"Frog Cosplay Pants":1.29,"Predatory AR":0.98,"Frog Cosplay Hoodie":1.18,"Mr. Gingerbread Pants":0.62,"Gingerbread SMG":0.96,"Blue Lotus Box":1.59,"Pizza Bandana":1.44,"Tempered Large Box":4.18,"Arctic Protection Burlap Shirt":2.03,"Constellations Garage Door":2.87,"Heart Rug":1.29,"Infinity Love SAP":1.43,"Bismuth Door":0.85,"UFO Facemask":0.89,"Pizza Boonie Hat":0.92,"Frog Furnace":1.3,"Sheet Metal Sheet Metal Door":0.89,"Frog Cosplay Kilt":0.84,"Abyss Furnace":5.8,"Frog Cosplay Helmet":0.8,"Lunar Thompson":2.13,"Frog Cosplay Vest":0.84,"Bombshell Double Armored Door":5.4,"Bare Bones Pickaxe":1,"Jackhammer from Hell":2.57,"Frog Rock":2.03,"Wasteland Eoka":1.1,"Carrot Eoka":1.03,"Rustigé Egg - White":3.22,"Easter Stone Hatchet":1.22,"Locker from Hell":2.8,"Rock from Hell":2.76,"Whiteout Boots":0.95,"Frog Cosplay Boonie Hat":1.07,"Frog Cosplay Poncho":0.8,"Adobe Door":1.03,"Monuments Glass Garage Door":2.58,"Pirate Facemask":1.96,"Hatchet From Hell":1.33,"Pick Axe from Hell":1.2,"Pirate Pantalones":1.5,"Pirate Hoodie":1.53,"Capybara Furnace":2.05,"Redemption AR":2.92,"Space Foil Hoodie":1.37,"Deep Sea Sword":0.96,"Pirate Roadsign Kilt":1.12,"Porcelain Garage Door":3.57,"Pirate Helmet":1.18,"Pirate Roadsign Vest":2.09,"Charcoal Furnace":1.42,"Black Gold DBS":2.13,"Starfish Rug":2.81,"Panther Crossbow":1.47,"Phantom":1.46,"Egg Suit":7.07,"Dragon Door":11,"Whiteout Facemask":0,"Ninja AR":0,"Ice Vortex Garage Door":0,"Fireflies Sleeping Bag":0,"Dragon Horn Box":0,"Reptile Hunter Pants":0,"Reptile Hunter Helmet":0,"Reptile Hunter Hoodie":0,"Reptile Hunter Vest":0,"Reptile Hunter Kilt":0,"Neon Dragon Garage Door":0}